[
  {
    "dream": "사막을 걷거나 탐험하는 꿈",
    "keyword": "사막",
    "action": "걷거나 탐험하다",
    "subject": "나",
    "object": "",
    "context": "사막",
    "type": "",
    "interpretation": "자기 자신에게 뭔가 큰 변화가 있었으면 좋겠다고 생각하고 있다는 것을 의미"
  },
  {
    "dream": "바다에 가는 꿈",
    "keyword": "바다",
    "action": "가다",
    "subject": "나",
    "object": "바다",
    "context": "",
    "type": "",
    "interpretation": "타락하고 싶다든가 욕망대로 살고 싶다는 소망을 나타냄."
  },
  {
    "dream": "등산용 배낭을 지고 산을 오르는 꿈",
    "keyword": "등산용 배낭, 산",
    "action": "지고 오르다",
    "subject": "나",
    "object": "등산용 배낭",
    "context": "",
    "type": "",
    "interpretation": "너의 마음속에 잠자고 있는 강한 성적 소망이 있다는 것을 의미"
  },
  {
    "dream": "마차를 타고 어딘가 가고 있는 꿈",
    "keyword": "마차",
    "action": "타고 가다",
    "subject": "나",
    "object": "마차",
    "context": "",
    "type": "",
    "interpretation": "경제적으로 풍족한 남자이거나 또 몸매가 건장한 남자에게 끌린다는 것을 의미."
  },
  {
    "dream": "미개인들이 사는 원시도시에서 토인들에게 존경을 받는 꿈",
    "keyword": "원시도시, 토인, 존경",
    "action": "존경을 받다",
    "subject": "나",
    "object": "토인들",
    "context": "미개인들이 사는 원시도시",
    "type": "",
    "interpretation": "원시적 충동이나 성충동을 느끼고 있다는 자각을 의미"
  },
  {
    "dream": "네가 일정표를 보는 꿈",
    "keyword": "일정표",
    "action": "보다",
    "subject": "나",
    "object": "일정표",
    "context": "",
    "type": "",
    "interpretation": "네가 예상한 대로 일이 진행되지 않는다는 것에 대한 불안을 나타냄."
  },
  {
    "dream": "어떤 여자가 풍로를 이용해서 생선을 굽고 있는 장면을 본 꿈",
    "keyword": "풍로, 생선",
    "action": "굽고 있음",
    "subject": "어떤 여자",
    "object": "생선",
    "context": "풍로를 이용해서",
    "type": "",
    "interpretation": "네가 어떤 남자를 놓고 삼각관계에 있는 상대 여자에 대해서 질투심을 가지고 있다는 것을 의미."
  },
  {
    "dream": "꿈에 서가나 서재를 보는 꿈",
    "keyword": "서가, 서재",
    "action": "보다",
    "subject": "나",
    "object": "서가나 서재",
    "context": "",
    "type": "",
    "interpretation": "지금 하고 있는 일에 대해서 어머니의 도움을 받았으면 하는 너의 소망을 나타냄"
  },
  {
    "dream": "검은 안경을 쓴 사람을 보는 꿈",
    "keyword": "검은 안경, 사람",
    "action": "보다",
    "subject": "나",
    "object": "검은 안경을 쓴 사람",
    "context": "",
    "type": "",
    "interpretation": "자신의 성적인 욕망에 대해서 반성하고 있다는 것을 의미"
  },
  {
    "dream": "성적표를 받아 보니 나쁜 성적이라 실망하고 속상해 하는 꿈",
    "keyword": "성적표",
    "action": "받다, 실망하다, 속상해하다",
    "subject": "나",
    "object": "성적표",
    "context": "",
    "type": "",
    "interpretation": "네가 부모님 몰래 한 나쁜 일이 들통나지 않을까 하고 두려워하고 있는 걸 나타낸다."
  },
  {
    "dream": "고의로 떨어져 통쾌함을 맛보는 꿈",
    "keyword": "떨어짐, 통쾌함",
    "action": "떨어지다",
    "subject": "나",
    "object": "",
    "context": "",
    "type": "길몽",
    "interpretation": "현실에서도 통쾌함을 맛볼 만큼 하는 일에 있어 성공을 가져다 준다. 예를 들면 시험을 봤는데 뜻하지 않은 높은 점수를 받거나 하는 경우."
  }
]